<?xml version="1.0" encoding="UTF-8"?>
<metadata xml:lang="en"><Esri><CreaDate>20220711</CreaDate><CreaTime>14403800</CreaTime><ArcGISFormat>1.0</ArcGISFormat><SyncOnce>TRUE</SyncOnce><DataProperties><itemProps><itemLocation><linkage Sync="TRUE">file://\\dcNSbioNA01a\edc_v1_shr\MARFIS\Shares\ESS\Inshore\Inshore Scallop Fishing Area Map\Management_Spatial_Scale_Maps\shp\SFF_MAR_Scallop_Areas\SFF_MAR_Scallop_Areas</linkage><protocol Sync="TRUE">Local Area Network</protocol></itemLocation></itemProps><copyHistory><copy source="Y:\Inshore\Inshore Scallop Fishing Area Map\Management_Spatial_Scale_Maps\shp\SFF_MAR_Scallop_Areas" dest="\\dcNSbioNA01a\edc_v1_shr\MARFIS\Shares\ESS\Inshore\Inshore Scallop Fishing Area Map\Management_Spatial_Scale_Maps\shp\SFF_MAR_Scallop_Areas\SFF_MAR_Scallop_Areas" date="20220711" time="14403800"></copy></copyHistory></DataProperties></Esri></metadata>
