<metadata xml:lang="en"><Esri><CreaDate>20210804</CreaDate><CreaTime>13383300</CreaTime><ArcGISFormat>1.0</ArcGISFormat><ArcGISstyle>North American Profile of ISO19115 2003</ArcGISstyle><SyncOnce>FALSE</SyncOnce><DataProperties><itemProps><itemName Sync="TRUE">DFO_OECM_MPO_AMCEZ</itemName><imsContentType Sync="TRUE" export="False">002</imsContentType><nativeExtBox><westBL Sync="TRUE">-2597701.213600</westBL><eastBL Sync="TRUE">3379443.116100</eastBL><southBL Sync="TRUE">609022.792400</southBL><northBL Sync="TRUE">3548654.174700</northBL><exTypeCode Sync="TRUE">1</exTypeCode></nativeExtBox><itemLocation><linkage Sync="TRUE">file://\\DFONK1AWVGID004\Oceans\Projects\Publication\OECM\DFO_OEABCM_MPO_AMCEZ_SHP\DFO_OECM_MPO_AMCEZ.shp</linkage><protocol Sync="TRUE">Local Area Network</protocol></itemLocation><itemSize Sync="TRUE">8.259</itemSize></itemProps><coordRef><type Sync="TRUE">Projected</type><geogcsn Sync="TRUE">GCS_North_American_1983</geogcsn><csUnits Sync="TRUE">Linear Unit: Meter (1.000000)</csUnits><projcsn Sync="TRUE">Canada_Albers_Equal_Area_Conic</projcsn><peXml Sync="TRUE">&lt;ProjectedCoordinateSystem xsi:type='typens:ProjectedCoordinateSystem' xmlns:xsi='http://www.w3.org/2001/XMLSchema-instance' xmlns:xs='http://www.w3.org/2001/XMLSchema' xmlns:typens='http://www.esri.com/schemas/ArcGIS/10.7'&gt;&lt;WKT&gt;PROJCS[&amp;quot;Canada_Albers_Equal_Area_Conic&amp;quot;,GEOGCS[&amp;quot;GCS_North_American_1983&amp;quot;,DATUM[&amp;quot;D_North_American_1983&amp;quot;,SPHEROID[&amp;quot;GRS_1980&amp;quot;,6378137.0,298.257222101]],PRIMEM[&amp;quot;Greenwich&amp;quot;,0.0],UNIT[&amp;quot;Degree&amp;quot;,0.0174532925199433]],PROJECTION[&amp;quot;Albers&amp;quot;],PARAMETER[&amp;quot;False_Easting&amp;quot;,0.0],PARAMETER[&amp;quot;False_Northing&amp;quot;,0.0],PARAMETER[&amp;quot;Central_Meridian&amp;quot;,-96.0],PARAMETER[&amp;quot;Standard_Parallel_1&amp;quot;,50.0],PARAMETER[&amp;quot;Standard_Parallel_2&amp;quot;,70.0],PARAMETER[&amp;quot;Latitude_Of_Origin&amp;quot;,40.0],UNIT[&amp;quot;Meter&amp;quot;,1.0],AUTHORITY[&amp;quot;Esri&amp;quot;,102001]]&lt;/WKT&gt;&lt;XOrigin&gt;-13825800&lt;/XOrigin&gt;&lt;YOrigin&gt;-7913700&lt;/YOrigin&gt;&lt;XYScale&gt;325738809.13730091&lt;/XYScale&gt;&lt;ZOrigin&gt;-100000&lt;/ZOrigin&gt;&lt;ZScale&gt;10000&lt;/ZScale&gt;&lt;MOrigin&gt;-100000&lt;/MOrigin&gt;&lt;MScale&gt;10000&lt;/MScale&gt;&lt;XYTolerance&gt;0.001&lt;/XYTolerance&gt;&lt;ZTolerance&gt;0.001&lt;/ZTolerance&gt;&lt;MTolerance&gt;0.001&lt;/MTolerance&gt;&lt;HighPrecision&gt;true&lt;/HighPrecision&gt;&lt;WKID&gt;102001&lt;/WKID&gt;&lt;LatestWKID&gt;102001&lt;/LatestWKID&gt;&lt;/ProjectedCoordinateSystem&gt;</peXml></coordRef><lineage><Process ToolSource="c:\program files (x86)\arcgis\desktop10.2\ArcToolbox\Toolboxes\Data Management Tools.tbx\CalculateField" Date="20171010" Time="145202" Name="" export="">CalculateField OEABCM_10102017 NOM "Zone de conservation des éponges du banc Beaugé" VB #</Process><Process ToolSource="c:\program files (x86)\arcgis\desktop10.2\ArcToolbox\Toolboxes\Data Management Tools.tbx\CalculateField" Date="20171010" Time="145220" Name="" export="">CalculateField OEABCM_10102017 NOM "Zone de conservation des coraux du centre du golfe du Saint-Laurent" VB #</Process><Process ToolSource="c:\program files (x86)\arcgis\desktop10.2\ArcToolbox\Toolboxes\Data Management Tools.tbx\CalculateField" Date="20171010" Time="145238" Name="" export="">CalculateField OEABCM_10102017 NOM "Zone de conservation des coraux de l’Est du golfe du Saint-Laurent" VB #</Process><Process ToolSource="c:\program files (x86)\arcgis\desktop10.4\ArcToolbox\Toolboxes\Data Management Tools.tbx\CalculateField" Date="20171025" Time="110824" Name="" export="">CalculateField OEABCM_27102017 URL "http://www.dfo-mpo.gc.ca/oceans/oeabcm-amcepz/refuges/lobster-homard-eng.html" VB #</Process><Process ToolSource="c:\program files (x86)\arcgis\desktop10.4\ArcToolbox\Toolboxes\Data Management Tools.tbx\CalculateField" Date="20171027" Time="093944" Name="" export="">CalculateField OEABCM KM2 82785.573607 VB #</Process><Process ToolSource="c:\program files (x86)\arcgis\desktop10.4\ArcToolbox\Toolboxes\Data Management Tools.tbx\CalculateField" Date="20171027" Time="094050" Name="" export="">CalculateField OEABCM PROHIBITIONS "All bottom-contact commercial and recreational fishing activities" VB #</Process><Process ToolSource="c:\program files (x86)\arcgis\desktop10.4\ArcToolbox\Toolboxes\Data Management Tools.tbx\CalculateField" Date="20171027" Time="094105" Name="" export="">CalculateField OEABCM PROHIBITIONS "All bottom-contact commercial and recreational fishing activities." VB #</Process><Process ToolSource="c:\program files (x86)\arcgis\desktop10.4\ArcToolbox\Toolboxes\Data Management Tools.tbx\CalculateField" Date="20171027" Time="094157" Name="" export="">CalculateField OEABCM INTERDICTIONS "Toutes les activités de pêche récréative ou commerciale qui sont pratiquées au contact du fond." VB #</Process><Process ToolSource="c:\program files (x86)\arcgis\desktop10.4\ArcToolbox\Toolboxes\Data Management Tools.tbx\CalculateField" Date="20171221" Time="115314" Name="" export="">CalculateField OEABCM NAME "Northeast Newfoundland Slope Closure (portion that contributes to marine conservation targets)" VB #</Process><Process ToolSource="c:\program files (x86)\arcgis\desktop10.4\ArcToolbox\Toolboxes\Data Management Tools.tbx\CalculateField" Date="20171221" Time="115421" Name="" export="">CalculateField OEABCM NOM "Fermeture du talus nord-est de Terre-Neuve (partie qui contribue aux objectifs de conservation marine)" VB #</Process><Process ToolSource="c:\program files (x86)\arcgis\desktop10.4\ArcToolbox\Toolboxes\Data Management Tools.tbx\CalculateField" Date="20190305" Time="095745" Name="" export="">CalculateField OEABCM_20190305 REGION_E "Pacific" VB #</Process><Process ToolSource="c:\program files (x86)\arcgis\desktop10.4\ArcToolbox\Toolboxes\Data Management Tools.tbx\CalculateField" Date="20190305" Time="095757" Name="" export="">CalculateField OEABCM_20190305 REGION_F "Pacifique" VB #</Process><Process ToolSource="c:\program files (x86)\arcgis\desktop10.4\ArcToolbox\Toolboxes\Data Management Tools.tbx\CalculateField" Date="20190305" Time="100132" Name="" export="">CalculateField OEABCM_20190305 OBJECTIVE "To protect glass sponge reefs" VB #</Process><Process ToolSource="c:\program files (x86)\arcgis\desktop10.4\ArcToolbox\Toolboxes\Data Management Tools.tbx\CalculateField" Date="20190305" Time="100225" Name="" export="">CalculateField OEABCM_20190305 OBJECTIF ""Destinées à protéger les récifs d'éponges siliceuses"" VB #</Process><Process ToolSource="c:\program files (x86)\arcgis\desktop10.4\ArcToolbox\Toolboxes\Data Management Tools.tbx\CalculateField" Date="20190305" Time="100331" Name="" export="">CalculateField OEABCM_20190305 INTERDICTIONS "Cette mesure interdit toutes les pêches commerciales, récréatives et à des fins alimentaires, sociales et rituelles nécessitant un contact avec le fond" VB #</Process><Process ToolSource="c:\program files (x86)\arcgis\desktop10.4\ArcToolbox\Toolboxes\Data Management Tools.tbx\CalculateField" Date="20190305" Time="112658" Name="" export="">CalculateField OEABCM_20190305 INTERDICTIONS " " VB #</Process><Process ToolSource="c:\program files (x86)\arcgis\desktop10.4\ArcToolbox\Toolboxes\Data Management Tools.tbx\CalculateField" Date="20190305" Time="140552" Name="" export="">CalculateField OEABCM_20190305 PROHIBITIONS "All bottom-contacting commercial, recreational or Indigenous Food, Social and Ceremonial fishing activities including fishing for prawn, shrimp, crab, and groundfish (including halibut). Downrigger gear in recreational salmon trolling is also prohibited." VB #</Process><Process ToolSource="c:\program files (x86)\arcgis\desktop10.4\ArcToolbox\Toolboxes\Data Management Tools.tbx\CalculateField" Date="20190306" Time="101117" Name="" export="">CalculateField OEABCM_20190305 INTERDICTIONS "Toutes les activités de pêche commerciale, récréatives, et autochtones à des fins alimentaires, sociales et rituelles nécessitant un contact avec le fond. Cela comprend la pêche de la crevette, du crabe et du poisson de fond (y compris le flétan)." VB #</Process><Process ToolSource="c:\program files (x86)\arcgis\desktop10.4\ArcToolbox\Toolboxes\Data Management Tools.tbx\CalculateField" Date="20190329" Time="133350" Name="" export="">CalculateField OEABCM_20190305 KM2 round( [KM2] , 2) VB #</Process><Process ToolSource="c:\program files (x86)\arcgis\desktop10.4\ArcToolbox\Toolboxes\Data Management Tools.tbx\CalculateField" Date="20191021" Time="151659" Name="" export="">CalculateField OEABCM_20190425 REGION_E "Newfoundland and Labrador" VB #</Process><Process ToolSource="c:\program files\arcgis\pro\Resources\ArcToolbox\toolboxes\Data Management Tools.tbx\UpdateSchema" Date="20210716" Time="114943" Name="" export="">UpdateSchema "CIMDATA=&lt;CIMStandardDataConnection xsi:type='typens:CIMStandardDataConnection' xmlns:xsi='http://www.w3.org/2001/XMLSchema-instance' xmlns:xs='http://www.w3.org/2001/XMLSchema' xmlns:typens='http://www.esri.com/schemas/ArcGIS/2.5.0'&gt;&lt;WorkspaceConnectionString&gt;DATABASE=Z:\Data\Oceans_and_Estuaries\Management_Areas\Conservation_Areas\DFO\DFO_Other_Measures\Final\OEABCMs.gdb&lt;/WorkspaceConnectionString&gt;&lt;WorkspaceFactory&gt;FileGDB&lt;/WorkspaceFactory&gt;&lt;Dataset&gt;OECM_20201118&lt;/Dataset&gt;&lt;DatasetType&gt;esriDTFeatureClass&lt;/DatasetType&gt;&lt;/CIMStandardDataConnection&gt;" &lt;operationSequence&gt;&lt;workflow&gt;&lt;AlterField&gt;&lt;field_name&gt;NAME&lt;/field_name&gt;&lt;new_field_name&gt;NAME_E&lt;/new_field_name&gt;&lt;field_type&gt;TEXT&lt;/field_type&gt;&lt;field_is_nullable&gt;True&lt;/field_is_nullable&gt;&lt;clear_field_alias&gt;False&lt;/clear_field_alias&gt;&lt;/AlterField&gt;&lt;/workflow&gt;&lt;workflow&gt;&lt;AlterField&gt;&lt;field_name&gt;NOM&lt;/field_name&gt;&lt;new_field_name&gt;NAME_F&lt;/new_field_name&gt;&lt;field_type&gt;TEXT&lt;/field_type&gt;&lt;field_is_nullable&gt;True&lt;/field_is_nullable&gt;&lt;clear_field_alias&gt;False&lt;/clear_field_alias&gt;&lt;/AlterField&gt;&lt;/workflow&gt;&lt;/operationSequence&gt;</Process><Process ToolSource="c:\program files\arcgis\pro\Resources\ArcToolbox\toolboxes\Conversion Tools.tbx\FeatureClassToFeatureClass" Date="20210716" Time="115200" Name="" export="">FeatureClassToFeatureClass OECM_20201118 Z:\Data\Oceans_and_Estuaries\Management_Areas\Conservation_Areas\DFO\DFO_Other_Measures\Final\OEABCMs.gdb OECM_20201118_1 # "NAME_E "NAME_E" true true false 255 Text 0 0,First,#,OECM_20201118,NAME_E,0,255;NAME_F "NAME_F" true true false 255 Text 0 0,First,#,OECM_20201118,NAME_F,0,255;KM2 "KM2" true true false 8 Double 0 0,First,#,OECM_20201118,KM2,-1,-1;OBJECTIVE "OBJECTIVE" true true false 255 Text 0 0,First,#,OECM_20201118,OBJECTIVE,0,255;OBJECTIF "OBJECTIF" true true false 255 Text 0 0,First,#,OECM_20201118,OBJECTIF,0,255;PROHIBITIONS "PROHIBITIONS" true true false 255 Text 0 0,First,#,OECM_20201118,PROHIBITIONS,0,255;INTERDICTIONS "INTERDICTIONS" true true false 255 Text 0 0,First,#,OECM_20201118,INTERDICTIONS,0,255;REGION_E "REGION" true true false 50 Text 0 0,First,#,OECM_20201118,REGION_E,0,50;REGION_F "RÉGION" true true false 60 Text 0 0,First,#,OECM_20201118,REGION_F,0,60;URL_E "URL_E" true true false 256 Text 0 0,First,#,OECM_20201118,URL_E,0,256;URL_F "URL_F" true true false 256 Text 0 0,First,#,OECM_20201118,URL_F,0,256;SHAPE_Length "SHAPE_Length" false true true 8 Double 0 0,First,#,OECM_20201118,SHAPE_Length,-1,-1;SHAPE_Area "SHAPE_Area" false true true 8 Double 0 0,First,#,OECM_20201118,SHAPE_Area,-1,-1" #</Process><Process ToolSource="c:\program files\arcgis\pro\Resources\ArcToolbox\toolboxes\Data Management Tools.tbx\Rename" Date="20210716" Time="120325" Name="" export="">Rename Z:\Data\Oceans_and_Estuaries\Management_Areas\Conservation_Areas\DFO\DFO_Other_Measures\Final\OEABCMs.gdb\OECM_20201118_1 Z:\Data\Oceans_and_Estuaries\Management_Areas\Conservation_Areas\DFO\DFO_Other_Measures\Final\OEABCMs.gdb\OECM_20201118 FeatureClass</Process><Process ToolSource="c:\program files\arcgis\pro\Resources\ArcToolbox\toolboxes\Conversion Tools.tbx\FeatureClassToFeatureClass" Date="20210719" Time="105625" Name="" export="">FeatureClassToFeatureClass OECM_20201118 "C:\Users\BRYCES\Desktop\model testing\LayerTesting.gdb" OECM_Km2 # "NAME_E "NAME_E" true true false 255 Text 0 0,First,#,OECM_20201118,NAME_E,0,255;NAME_F "NAME_F" true true false 255 Text 0 0,First,#,OECM_20201118,NAME_F,0,255;OBJECTIVE "OBJECTIVE" true true false 255 Text 0 0,First,#,OECM_20201118,OBJECTIVE,0,255;OBJECTIF "OBJECTIF" true true false 255 Text 0 0,First,#,OECM_20201118,OBJECTIF,0,255;PROHIBITIONS "PROHIBITIONS" true true false 255 Text 0 0,First,#,OECM_20201118,PROHIBITIONS,0,255;INTERDICTIONS "INTERDICTIONS" true true false 255 Text 0 0,First,#,OECM_20201118,INTERDICTIONS,0,255;REGION_E "REGION" true true false 50 Text 0 0,First,#,OECM_20201118,REGION_E,0,50;REGION_F "RÉGION" true true false 60 Text 0 0,First,#,OECM_20201118,REGION_F,0,60;URL_E "URL_E" true true false 256 Text 0 0,First,#,OECM_20201118,URL_E,0,256;URL_F "URL_F" true true false 256 Text 0 0,First,#,OECM_20201118,URL_F,0,256;KM2 "KM2" true true false 8 Double 0 0,First,#,OECM_20201118,KM2,-1,-1;Shape_Length "Shape_Length" false true true 8 Double 0 0,First,#,OECM_20201118,Shape_Length,-1,-1;Shape_Area "Shape_Area" false true true 8 Double 0 0,First,#,OECM_20201118,Shape_Area,-1,-1" #</Process><Process ToolSource="c:\program files\arcgis\pro\Resources\ArcToolbox\toolboxes\Conversion Tools.tbx\FeatureClassToFeatureClass" Date="20210719" Time="105756" Name="" export="">FeatureClassToFeatureClass OECM_Km2 Z:\Data\Oceans_and_Estuaries\Management_Areas\Conservation_Areas\DFO\DFO_Other_Measures\Final\OEABCMs.gdb OECM_20201118_1 # "NAME_E "NAME_E" true true false 255 Text 0 0,First,#,OECM_Km2,NAME_E,0,255;NAME_F "NAME_F" true true false 255 Text 0 0,First,#,OECM_Km2,NAME_F,0,255;OBJECTIVE "OBJECTIVE" true true false 255 Text 0 0,First,#,OECM_Km2,OBJECTIVE,0,255;OBJECTIF "OBJECTIF" true true false 255 Text 0 0,First,#,OECM_Km2,OBJECTIF,0,255;PROHIBITIONS "PROHIBITIONS" true true false 255 Text 0 0,First,#,OECM_Km2,PROHIBITIONS,0,255;INTERDICTIONS "INTERDICTIONS" true true false 255 Text 0 0,First,#,OECM_Km2,INTERDICTIONS,0,255;REGION_E "REGION" true true false 50 Text 0 0,First,#,OECM_Km2,REGION_E,0,50;REGION_F "RÉGION" true true false 60 Text 0 0,First,#,OECM_Km2,REGION_F,0,60;URL_E "URL_E" true true false 256 Text 0 0,First,#,OECM_Km2,URL_E,0,256;URL_F "URL_F" true true false 256 Text 0 0,First,#,OECM_Km2,URL_F,0,256;KM2 "KM2" true true false 8 Double 0 0,First,#,OECM_Km2,KM2,-1,-1;Shape_Length "Shape_Length" false true true 8 Double 0 0,First,#,OECM_Km2,Shape_Length,-1,-1;Shape_Area "Shape_Area" false true true 8 Double 0 0,First,#,OECM_Km2,Shape_Area,-1,-1" #</Process><Process ToolSource="c:\program files\arcgis\pro\Resources\ArcToolbox\toolboxes\Data Management Tools.tbx\Rename" Date="20210719" Time="105918" Name="" export="">Rename Z:\Data\Oceans_and_Estuaries\Management_Areas\Conservation_Areas\DFO\DFO_Other_Measures\Final\OEABCMs.gdb\OECM_20201118_1 Z:\Data\Oceans_and_Estuaries\Management_Areas\Conservation_Areas\DFO\DFO_Other_Measures\Final\OEABCMs.gdb\OECM_20201118 FeatureClass</Process><Process ToolSource="c:\program files\arcgis\pro\Resources\ArcToolbox\toolboxes\Conversion Tools.tbx\FeatureClassToFeatureClass" Date="20210720" Time="124955" Name="" export="">FeatureClassToFeatureClass OECM_20201118 Z:\Data\Oceans_and_Estuaries\Management_Areas\Conservation_Areas\DFO\DFO_Other_Measures\Final\OEABCMs.gdb OECM_20201118_1 # "NAME_E "NAME_E" true true false 255 Text 0 0,First,#,OECM_20201118,NAME_E,0,255;NAME_F "NAME_F" true true false 255 Text 0 0,First,#,OECM_20201118,NAME_F,0,255;OBJECTIVE "OBJECTIVE" true true false 255 Text 0 0,First,#,OECM_20201118,OBJECTIVE,0,255;OBJECTIF "OBJECTIF" true true false 255 Text 0 0,First,#,OECM_20201118,OBJECTIF,0,255;PROHIBITIONS "PROHIBITIONS" true true false 255 Text 0 0,First,#,OECM_20201118,PROHIBITIONS,0,255;INTERDICTIONS "INTERDICTIONS" true true false 255 Text 0 0,First,#,OECM_20201118,INTERDICTIONS,0,255;REGION_E "REGION_E" true true false 50 Text 0 0,First,#,OECM_20201118,REGION_E,0,50;REGION_F "REGION_F" true true false 60 Text 0 0,First,#,OECM_20201118,REGION_F,0,60;URL_E "URL_E" true true false 256 Text 0 0,First,#,OECM_20201118,URL_E,0,256;URL_F "URL_F" true true false 256 Text 0 0,First,#,OECM_20201118,URL_F,0,256;KM2 "KM2" true true false 8 Double 0 0,First,#,OECM_20201118,KM2,-1,-1;Shape_Length "Shape_Length" false true true 8 Double 0 0,First,#,OECM_20201118,Shape_Length,-1,-1;Shape_Area "Shape_Area" false true true 8 Double 0 0,First,#,OECM_20201118,Shape_Area,-1,-1" #</Process></lineage></DataProperties><SyncDate>20210804</SyncDate><SyncTime>15140200</SyncTime><ModDate>20210804</ModDate><ModTime>15140200</ModTime><scaleRange><minScale>150000000</minScale><maxScale>5000</maxScale></scaleRange><ArcGISProfile>ItemDescription</ArcGISProfile></Esri><dataIdInfo><envirDesc Sync="TRUE"> Version 6.2 (Build 9200) ; Esri ArcGIS 10.7.1.11595</envirDesc><dataLang><languageCode value="eng" Sync="TRUE"/><countryCode value="USA" Sync="TRUE"/></dataLang><idCitation><resTitle Sync="TRUE">DFO_OECM_MPO_AMCEZ</resTitle><presForm><PresFormCd value="005" Sync="TRUE"/></presForm></idCitation><spatRpType><SpatRepTypCd value="001" Sync="TRUE"/></spatRpType><dataExt><geoEle xmlns=""><GeoBndBox esriExtentType="search"><exTypeCode Sync="TRUE">1</exTypeCode><westBL Sync="TRUE">-151.929208</westBL><eastBL Sync="TRUE">-31.477756</eastBL><northBL Sync="TRUE">71.816607</northBL><southBL Sync="TRUE">36.483400</southBL></GeoBndBox></geoEle></dataExt><idPurp>This dataset contains area-based management measures that constitute 'other effective area-based conservation measures' ('other measures').

Cet ensemble de données comprend des mesures de gestion par zone, qui constituent « d'autres mesures de conservation efficaces par zone » (« autres mesures »).</idPurp><idAbs>&lt;DIV STYLE="text-align:Left;"&gt;&lt;DIV&gt;&lt;DIV&gt;&lt;P&gt;&lt;SPAN&gt;*La version française suit*&lt;/SPAN&gt;&lt;/P&gt;&lt;P&gt;&lt;SPAN&gt;This dataset contains area-based management measures that have been recognized as 'other effective area-based conservation measures' (OECMs). It also contains basic information about OECMs, specifically their names, size, objectives, associated prohibitions, and DFO region.&lt;/SPAN&gt;&lt;SPAN&gt;  &lt;/SPAN&gt;&lt;/P&gt;&lt;P&gt;&lt;SPAN /&gt;&lt;SPAN&gt;Spatial data for OECMs will be evaluated regularly, taking the most recent available information into account. In addition new 'OECMs will be identified over time. Therefore, this dataset may change over time.&lt;/SPAN&gt;&lt;SPAN /&gt;&lt;/P&gt;&lt;P&gt;&lt;SPAN&gt;The boundaries and attributes in this dataset are intended to provide a visual representation of the area and are for information purposes only, and should not be considered legally authoritative. Please contact your local fishery officer for official coordinates and information about these closures. &lt;/SPAN&gt;&lt;/P&gt;&lt;P STYLE="margin:0 0 11 0;"&gt;&lt;SPAN STYLE="font-size:12pt"&gt;-----------&lt;/SPAN&gt;&lt;/P&gt;&lt;P&gt;&lt;SPAN&gt;Cet ensemble de données contient les mesures de gestion par zone qui ont été reconnues comme « autres mesures efficaces de conservation par zone » (AMCEZ). Il contient également des renseignements de base au sujet de ces AMCEZ, plus particulièrement leur nom, leur taille, leurs objectifs et leurs interdictions connexes, ainsi que la région du MPO visée.  &lt;/SPAN&gt;&lt;SPAN /&gt;&lt;/P&gt;&lt;P&gt;&lt;SPAN STYLE="font-size:14pt"&gt; &lt;/SPAN&gt;&lt;SPAN /&gt;&lt;SPAN&gt;Les données spatiales pour les AMCEZ seront évaluées régulièrement, en tenant compte des plus récents renseignements disponibles. De plus, d’autres AMCEZ seront établies au fil du temps. Par conséquent, cet ensemble de données pourrait changer au fil du temps. &lt;/SPAN&gt;&lt;SPAN /&gt;&lt;/P&gt;&lt;P&gt;&lt;SPAN&gt;Les limites et les attributs contenus dans cet ensemble de données sont destinés à fournir une représentation visuelle de la zone et sont à titre informatif seulement. Ils ne devraient pas être considérés comme étant des éléments faisant légalement autorité. Veuillez communiquer avec votre agent des pêches local pour obtenir les coordonnées officielles et des renseignements sur ces fermetures.&lt;/SPAN&gt;&lt;/P&gt;&lt;/DIV&gt;&lt;/DIV&gt;&lt;/DIV&gt;</idAbs><searchKeys><keyword>Marine conservation areas</keyword><keyword>Aire marine de conservation</keyword><keyword>Conservation</keyword><keyword>Conservation areas</keyword><keyword>Aire de conservation</keyword><keyword>Fisheries management</keyword><keyword>Gestion des pêches</keyword><keyword>Fisheries</keyword><keyword>Pêcheries</keyword><keyword>Fisheries resources</keyword><keyword>Ressources halieutiques</keyword><keyword>Marine refuge</keyword><keyword>Refuge marin</keyword></searchKeys><idCredit>Marine Planning and Conservation Directorate, Fisheries and Oceans Canada

Direction de la planification et de la conservation marines, Pêches et Océans Canada</idCredit><tpCat><TopicCatCd value="014"/></tpCat></dataIdInfo><mdLang><languageCode value="eng" Sync="TRUE"/><countryCode value="USA" Sync="TRUE"/></mdLang><mdChar><CharSetCd value="004" Sync="TRUE"/></mdChar><distInfo><distFormat><formatName Sync="TRUE">Shapefile</formatName></distFormat><distTranOps><transSize Sync="TRUE">8.259</transSize></distTranOps></distInfo><mdHrLv><ScopeCd value="005" Sync="TRUE"/></mdHrLv><mdHrLvName Sync="TRUE">dataset</mdHrLvName><refSysInfo><RefSystem><refSysID><identCode code="102001" Sync="TRUE"/><idCodeSpace Sync="TRUE">Esri</idCodeSpace><idVersion Sync="TRUE">4.0.0</idVersion></refSysID></RefSystem></refSysInfo><spatRepInfo><VectSpatRep><geometObjs Name="DFO_OECM_MPO_AMCEZ"><geoObjTyp><GeoObjTypCd value="002" Sync="TRUE"></GeoObjTypCd></geoObjTyp><geoObjCnt Sync="TRUE">59</geoObjCnt></geometObjs><topLvl><TopoLevCd value="001" Sync="TRUE"></TopoLevCd></topLvl></VectSpatRep></spatRepInfo><spdoinfo><ptvctinf><esriterm Name="DFO_OECM_MPO_AMCEZ"><efeatyp Sync="TRUE">Simple</efeatyp><efeageom code="4" Sync="TRUE"></efeageom><esritopo Sync="TRUE">FALSE</esritopo><efeacnt Sync="TRUE">59</efeacnt><spindex Sync="TRUE">TRUE</spindex><linrefer Sync="TRUE">FALSE</linrefer></esriterm></ptvctinf></spdoinfo><eainfo><detailed Name="DFO_OECM_MPO_AMCEZ" xmlns=""><enttyp><enttypl Sync="TRUE">DFO_OECM_MPO_AMCEZ</enttypl><enttypt Sync="TRUE">Feature Class</enttypt><enttypc Sync="TRUE">59</enttypc><enttypd>This dataset contains area-based management measures that constitute 'other effective area-based conservation measures' ('other measures'). // Cet ensemble de données comprend des mesures de gestion par zone, qui constituent « d'autres mesures de conservation efficaces par zone » (« autres mesures »).</enttypd><enttypds>DFO</enttypds></enttyp><attr><attrlabl Sync="TRUE">FID</attrlabl><attalias Sync="TRUE">FID</attalias><attrtype Sync="TRUE">OID</attrtype><attwidth Sync="TRUE">4</attwidth><atprecis Sync="TRUE">0</atprecis><attscale Sync="TRUE">0</attscale><attrdef Sync="TRUE">Internal feature number.</attrdef><attrdefs Sync="TRUE">Esri</attrdefs><attrdomv><udom Sync="TRUE">Sequential unique whole numbers that are automatically generated.</udom></attrdomv></attr><attr xmlns=""><attrlabl Sync="TRUE">OBJECTID</attrlabl><attalias Sync="TRUE">OBJECTID</attalias><attrtype Sync="TRUE">Integer</attrtype><attwidth Sync="TRUE">10</attwidth><atprecis Sync="TRUE">10</atprecis><attscale Sync="TRUE">0</attscale><attrdef Sync="TRUE">Internal feature number.</attrdef><attrdefs Sync="TRUE">Esri</attrdefs><attrdomv><udom Sync="TRUE">Sequential unique whole numbers that are automatically generated.</udom></attrdomv></attr><attr xmlns=""><attrlabl Sync="TRUE">SHAPE</attrlabl><attalias Sync="TRUE">Shape</attalias><attrtype Sync="TRUE">Geometry</attrtype><attwidth Sync="TRUE">0</attwidth><atprecis Sync="TRUE">0</atprecis><attscale Sync="TRUE">0</attscale><attrdef Sync="TRUE">Feature geometry.</attrdef><attrdefs Sync="TRUE">Esri</attrdefs><attrdomv><udom Sync="TRUE">Coordinates defining the features.</udom></attrdomv></attr><attr><attrlabl Sync="TRUE">NAME_E</attrlabl><attalias Sync="TRUE">NAME_E</attalias><attrtype Sync="TRUE">String</attrtype><attwidth Sync="TRUE">254</attwidth><atprecis Sync="TRUE">0</atprecis><attscale Sync="TRUE">0</attscale></attr><attr><attrlabl Sync="TRUE">NAME_F</attrlabl><attalias Sync="TRUE">NAME_F</attalias><attrtype Sync="TRUE">String</attrtype><attwidth Sync="TRUE">254</attwidth><atprecis Sync="TRUE">0</atprecis><attscale Sync="TRUE">0</attscale></attr><attr xmlns=""><attrlabl Sync="TRUE">KM2</attrlabl><attalias Sync="TRUE">KM2</attalias><attrtype Sync="TRUE">Double</attrtype><attwidth Sync="TRUE">19</attwidth><atprecis Sync="TRUE">0</atprecis><attscale Sync="TRUE">0</attscale><attrdef>The size of the area-based management measure, in km2. // La taille de la mesure de gestion par zone, en km2.</attrdef><attrdefs>DFO</attrdefs><attrvai><attrva>Size in km2 // La taille en km2</attrva></attrvai></attr><attr xmlns=""><attrlabl Sync="TRUE">OBJECTIVE</attrlabl><attalias Sync="TRUE">OBJECTIVE</attalias><attrtype Sync="TRUE">String</attrtype><attwidth Sync="TRUE">254</attwidth><atprecis Sync="TRUE">0</atprecis><attscale Sync="TRUE">0</attscale><attrdef>The purpose for which the area-based management measure has been established.</attrdef><attrdefs>DFO</attrdefs></attr><attr><attrlabl Sync="TRUE">PROHIBITIO</attrlabl><attalias Sync="TRUE">PROHIBITIO</attalias><attrtype Sync="TRUE">String</attrtype><attwidth Sync="TRUE">254</attwidth><atprecis Sync="TRUE">0</atprecis><attscale Sync="TRUE">0</attscale></attr><attr><attrlabl Sync="TRUE">INTERDICTI</attrlabl><attalias Sync="TRUE">INTERDICTI</attalias><attrtype Sync="TRUE">String</attrtype><attwidth Sync="TRUE">254</attwidth><atprecis Sync="TRUE">0</atprecis><attscale Sync="TRUE">0</attscale></attr><attr xmlns=""><attrlabl Sync="TRUE">OBJECTIF</attrlabl><attalias Sync="TRUE">OBJECTIF</attalias><attrtype Sync="TRUE">String</attrtype><attwidth Sync="TRUE">254</attwidth><atprecis Sync="TRUE">0</atprecis><attscale Sync="TRUE">0</attscale><attrdef>L'objectif pour lequel la mesure de gestion par zone a été mise en place.</attrdef><attrdefs>DFO</attrdefs></attr><attr xmlns=""><attrlabl Sync="TRUE">REGION_E</attrlabl><attalias Sync="TRUE">REGION_E</attalias><attrtype Sync="TRUE">String</attrtype><attwidth Sync="TRUE">50</attwidth><atprecis Sync="TRUE">0</atprecis><attscale Sync="TRUE">0</attscale><attrdef>The DFO region that manages the area-based management measure.</attrdef><attrdefs>DFO</attrdefs></attr><attr xmlns=""><attrlabl Sync="TRUE">REGION_F</attrlabl><attalias Sync="TRUE">REGION_F</attalias><attrtype Sync="TRUE">String</attrtype><attwidth Sync="TRUE">60</attwidth><atprecis Sync="TRUE">0</atprecis><attscale Sync="TRUE">0</attscale><attrdef>La région du MPO qui gère la mesure de gestion par zone.</attrdef><attrdefs>DFO</attrdefs></attr><attr><attrlabl Sync="TRUE">URL_E</attrlabl><attalias Sync="TRUE">URL_E</attalias><attrtype Sync="TRUE">String</attrtype><attwidth Sync="TRUE">254</attwidth><atprecis Sync="TRUE">0</atprecis><attscale Sync="TRUE">0</attscale></attr><attr><attrlabl Sync="TRUE">URL_F</attrlabl><attalias Sync="TRUE">URL_F</attalias><attrtype Sync="TRUE">String</attrtype><attwidth Sync="TRUE">254</attwidth><atprecis Sync="TRUE">0</atprecis><attscale Sync="TRUE">0</attscale></attr><attr><attrlabl Sync="TRUE">Shape_Leng</attrlabl><attalias Sync="TRUE">Shape_Leng</attalias><attrtype Sync="TRUE">Double</attrtype><attwidth Sync="TRUE">19</attwidth><atprecis Sync="TRUE">0</atprecis><attscale Sync="TRUE">0</attscale></attr><attr xmlns=""><attrlabl Sync="TRUE">SHAPE_Area</attrlabl><attalias Sync="TRUE">Shape_Area</attalias><attrtype Sync="TRUE">Double</attrtype><attwidth Sync="TRUE">19</attwidth><atprecis Sync="TRUE">0</atprecis><attscale Sync="TRUE">0</attscale><attrdef Sync="TRUE">Area of feature in internal units squared.</attrdef><attrdefs Sync="TRUE">Esri</attrdefs><attrdomv><udom Sync="TRUE">Positive real numbers that are automatically generated.</udom></attrdomv></attr></detailed></eainfo><mdDateSt Sync="TRUE">20210804</mdDateSt></metadata>
