<metadata xml:lang="en"><Esri><CreaDate>20150720</CreaDate><CreaTime>12580800</CreaTime><ArcGISFormat>1.0</ArcGISFormat><SyncOnce>FALSE</SyncOnce><DataProperties><lineage><Process ToolSource="c:\program files (x86)\arcgis\desktop10.2\ArcToolbox\Toolboxes\Conversion Tools.tbx\RasterToPolygon" Date="20141014" Time="144003" Name="" export="">RasterToPolygon kernvms6int "E:\Documents and Settings\Inshore Scallop\BoF Assessment\2014\SPA6\vms\GIS\spa6vms_kerneldensity_2002to2014.shp" NO_SIMPLIFY VALUE</Process><Process ToolSource="c:\program files (x86)\arcgis\desktop10.2\ArcToolbox\Toolboxes\Data Management Tools.tbx\Dissolve" Date="20141015" Time="091403" Name="" export="">Dissolve spa6vms_kerneldensity_2002to2014_21above "E:\Documents and Settings\Inshore Scallop\BoF Assessment\2014\SPA6\vms\GIS\spa6vms_kerneldensity_2002to2014_21above_dissolve.shp" # # MULTI_PART DISSOLVE_LINES</Process><Process ToolSource="c:\program files (x86)\arcgis\desktop10.2\ArcToolbox\Toolboxes\Data Management Tools.tbx\CalculateField" Date="20141015" Time="100118" Name="" export="">CalculateField spa6vms_kerneldensity_2002to2014_21above_dissolve VMSAREA "IN" VB #</Process><Process ToolSource="c:\program files (x86)\arcgis\desktop10.2\ArcToolbox\Toolboxes\Data Management Tools.tbx\Project" Date="20141015" Time="111554" Name="" export="">Project spa6vms_kerneldensity_2002to2014_21above_dissolve "E:\Documents and Settings\Inshore Scallop\BoF Assessment\2014\SPA6\vms\GIS\spa6vms_IN_wgs84.shp" GEOGCS['GCS_WGS_1984',DATUM['D_WGS_1984',SPHEROID['WGS_1984',6378137.0,298.257223563]],PRIMEM['Greenwich',0.0],UNIT['Degree',0.0174532925199433]] # PROJCS['WGS_1984_UTM_Zone_19N',GEOGCS['GCS_WGS_1984',DATUM['D_WGS_1984',SPHEROID['WGS_1984',6378137.0,298.257223563]],PRIMEM['Greenwich',0.0],UNIT['Degree',0.0174532925199433]],PROJECTION['Transverse_Mercator'],PARAMETER['False_Easting',500000.0],PARAMETER['False_Northing',0.0],PARAMETER['Central_Meridian',-69.0],PARAMETER['Scale_Factor',0.9996],PARAMETER['Latitude_Of_Origin',0.0],UNIT['Meter',1.0]]</Process><Process ToolSource="c:\program files (x86)\arcgis\desktop10.2\ArcToolbox\Toolboxes\Analysis Tools.tbx\Clip" Date="20150527" Time="155406" Name="" export="">Clip spa6vms_IN_wgs84 SPA6_wgs84 "E:\Documents and Settings\Inshore Scallop\BoF Assessment\2015\Survey\shp\spa6vms_IN_wgs84_ClippedToSPA6.shp" #</Process><Process ToolSource="c:\program files (x86)\arcgis\desktop10.2\ArcToolbox\Toolboxes\Analysis Tools.tbx\Clip" Date="20150527" Time="162321" Name="" export="">Clip spa6vms_IN_wgs84_ClippedToSPA6 mdem_olex_6_land "E:\Documents and Settings\Inshore Scallop\BoF Assessment\2015\Survey\shp\spa6vms_IN_wgs84_ClippedToSPA6_ClippedToLand.shp" #</Process><Process ToolSource="c:\program files (x86)\arcgis\desktop10.2\ArcToolbox\Toolboxes\Data Management Tools.tbx\MultipartToSinglepart" Date="20150601" Time="111259" Name="" export="">MultipartToSinglepart spa6vms_IN_wgs84_ClippedToSPA6_ClippedToLand "E:\Documents and Settings\Inshore Scallop\BoF Assessment\2015\Survey\shp\test_IN.shp"</Process><Process ToolSource="c:\program files (x86)\arcgis\desktop10.2\ArcToolbox\Toolboxes\Data Management Tools.tbx\CalculateField" Date="20150601" Time="152828" Name="" export="">CalculateField "VMS Strata IN\SPA6_VMSstrata_IN_mulipart_SurveyDomain" NOTES "IN_1" VB #</Process><Process ToolSource="c:\program files (x86)\arcgis\desktop10.2\ArcToolbox\Toolboxes\Data Management Tools.tbx\CalculateField" Date="20150601" Time="152907" Name="" export="">CalculateField "VMS Strata IN\SPA6_VMSstrata_IN_mulipart_SurveyDomain" NOTES "IN_2 has hole" VB #</Process><Process ToolSource="c:\program files (x86)\arcgis\desktop10.2\ArcToolbox\Toolboxes\Data Management Tools.tbx\CalculateField" Date="20150601" Time="152921" Name="" export="">CalculateField "VMS Strata IN\SPA6_VMSstrata_IN_mulipart_SurveyDomain" NOTES "IN_3" VB #</Process><Process ToolSource="c:\program files (x86)\arcgis\desktop10.2\ArcToolbox\Toolboxes\Data Management Tools.tbx\CalculateField" Date="20150601" Time="152941" Name="" export="">CalculateField "VMS Strata IN\SPA6_VMSstrata_IN_mulipart_SurveyDomain" NOTES "IN_4" VB #</Process><Process ToolSource="c:\program files (x86)\arcgis\desktop10.2\ArcToolbox\Toolboxes\Data Management Tools.tbx\CalculateField" Date="20150601" Time="152955" Name="" export="">CalculateField "VMS Strata IN\SPA6_VMSstrata_IN_mulipart_SurveyDomain" NOTES "IN_5" VB #</Process><Process ToolSource="c:\program files (x86)\arcgis\desktop10.2\ArcToolbox\Toolboxes\Data Management Tools.tbx\CalculateField" Date="20150601" Time="153005" Name="" export="">CalculateField "VMS Strata IN\SPA6_VMSstrata_IN_mulipart_SurveyDomain" NOTES "IN_6" VB #</Process><Process ToolSource="c:\program files (x86)\arcgis\desktop10.2\ArcToolbox\Toolboxes\Data Management Tools.tbx\CalculateField" Date="20150601" Time="153048" Name="" export="">CalculateField "VMS Strata IN\SPA6_VMSstrata_IN_mulipart_SurveyDomain" NOTES "IN_7 lots of holes" VB #</Process><Process ToolSource="c:\program files (x86)\arcgis\desktop10.2\ArcToolbox\Toolboxes\Data Management Tools.tbx\CalculateField" Date="20150601" Time="153132" Name="" export="">CalculateField "VMS Strata IN\SPA6_VMSstrata_IN_mulipart_SurveyDomain" NOTES "merge with OUTSIDE" VB #</Process><Process ToolSource="c:\program files (x86)\arcgis\desktop10.2\ArcToolbox\Toolboxes\Data Management Tools.tbx\CalculateField" Date="20150601" Time="153209" Name="" export="">CalculateField "VMS Strata IN\SPA6_VMSstrata_IN_mulipart_SurveyDomain" NOTES "delete" VB #</Process><Process ToolSource="c:\program files (x86)\arcgis\desktop10.2\ArcToolbox\Toolboxes\Data Management Tools.tbx\CalculateField" Date="20150601" Time="153238" Name="" export="">CalculateField "VMS Strata IN\SPA6_VMSstrata_IN_mulipart_SurveyDomain" NOTES "delete" VB #</Process><Process ToolSource="c:\program files (x86)\arcgis\desktop10.2\ArcToolbox\Toolboxes\Data Management Tools.tbx\CalculateField" Date="20150601" Time="153306" Name="" export="">CalculateField "VMS Strata IN\SPA6_VMSstrata_IN_mulipart_SurveyDomain" NOTES "delete" VB #</Process><Process ToolSource="c:\program files (x86)\arcgis\desktop10.2\ArcToolbox\Toolboxes\Data Management Tools.tbx\CalculateField" Date="20150601" Time="153345" Name="" export="">CalculateField "VMS Strata IN\SPA6_VMSstrata_IN_mulipart_SurveyDomain" NOTES "delete" VB #</Process><Process ToolSource="c:\program files (x86)\arcgis\desktop10.2\ArcToolbox\Toolboxes\Data Management Tools.tbx\CalculateField" Date="20150601" Time="153400" Name="" export="">CalculateField "VMS Strata IN\SPA6_VMSstrata_IN_mulipart_SurveyDomain" NOTES "delete" VB #</Process><Process ToolSource="c:\program files (x86)\arcgis\desktop10.2\ArcToolbox\Toolboxes\Data Management Tools.tbx\CalculateField" Date="20150601" Time="153422" Name="" export="">CalculateField "VMS Strata IN\SPA6_VMSstrata_IN_mulipart_SurveyDomain" NOTES "delete" VB #</Process><Process ToolSource="c:\program files (x86)\arcgis\desktop10.2\ArcToolbox\Toolboxes\Data Management Tools.tbx\CalculateField" Date="20150601" Time="153433" Name="" export="">CalculateField "VMS Strata IN\SPA6_VMSstrata_IN_mulipart_SurveyDomain" NOTES "delete" VB #</Process><Process ToolSource="c:\program files (x86)\arcgis\desktop10.2\ArcToolbox\Toolboxes\Data Management Tools.tbx\CalculateField" Date="20150601" Time="153450" Name="" export="">CalculateField "VMS Strata IN\SPA6_VMSstrata_IN_mulipart_SurveyDomain" NOTES "delete" VB #</Process><Process ToolSource="c:\program files (x86)\arcgis\desktop10.2\ArcToolbox\Toolboxes\Data Management Tools.tbx\CalculateField" Date="20150601" Time="153513" Name="" export="">CalculateField "VMS Strata IN\SPA6_VMSstrata_IN_mulipart_SurveyDomain" NOTES "delete" VB #</Process><Process ToolSource="c:\program files (x86)\arcgis\desktop10.2\ArcToolbox\Toolboxes\Data Management Tools.tbx\CalculateField" Date="20150601" Time="153556" Name="" export="">CalculateField "VMS Strata IN\SPA6_VMSstrata_IN_mulipart_SurveyDomain" NOTES "merge with OUTSIDE" VB #</Process><Process ToolSource="c:\program files (x86)\arcgis\desktop10.2\ArcToolbox\Toolboxes\Data Management Tools.tbx\CalculateField" Date="20150601" Time="153622" Name="" export="">CalculateField "VMS Strata IN\SPA6_VMSstrata_IN_mulipart_SurveyDomain" NOTES "delete" VB #</Process></lineage><itemProps><itemName Sync="TRUE">SPA6_VMSstrata_IN_2015</itemName><imsContentType Sync="TRUE">002</imsContentType><itemSize Sync="TRUE">0.193</itemSize><itemLocation><linkage Sync="TRUE">file://\\142.2.93.33\skyscallop\People\Brittany\Survey_shapefiles4Github\SPA6\SPA6_VMSstrata_IN_2015.shp</linkage><protocol Sync="TRUE">Local Area Network</protocol></itemLocation><nativeExtBox><westBL Sync="TRUE">-67.046605</westBL><eastBL Sync="TRUE">-66.612101</eastBL><southBL Sync="TRUE">44.478787</southBL><northBL Sync="TRUE">45.045255</northBL><exTypeCode Sync="TRUE">1</exTypeCode></nativeExtBox></itemProps><coordRef><type Sync="TRUE">Geographic</type><geogcsn Sync="TRUE">GCS_WGS_1984</geogcsn><csUnits Sync="TRUE">Angular Unit: Degree (0.017453)</csUnits><peXml Sync="TRUE">&lt;GeographicCoordinateSystem xsi:type='typens:GeographicCoordinateSystem' xmlns:xsi='http://www.w3.org/2001/XMLSchema-instance' xmlns:xs='http://www.w3.org/2001/XMLSchema' xmlns:typens='http://www.esri.com/schemas/ArcGIS/10.6'&gt;&lt;WKT&gt;GEOGCS[&amp;quot;GCS_WGS_1984&amp;quot;,DATUM[&amp;quot;D_WGS_1984&amp;quot;,SPHEROID[&amp;quot;WGS_1984&amp;quot;,6378137.0,298.257223563]],PRIMEM[&amp;quot;Greenwich&amp;quot;,0.0],UNIT[&amp;quot;Degree&amp;quot;,0.0174532925199433],AUTHORITY[&amp;quot;EPSG&amp;quot;,4326]]&lt;/WKT&gt;&lt;XOrigin&gt;-400&lt;/XOrigin&gt;&lt;YOrigin&gt;-400&lt;/YOrigin&gt;&lt;XYScale&gt;11258999068426.238&lt;/XYScale&gt;&lt;ZOrigin&gt;-100000&lt;/ZOrigin&gt;&lt;ZScale&gt;10000&lt;/ZScale&gt;&lt;MOrigin&gt;-100000&lt;/MOrigin&gt;&lt;MScale&gt;10000&lt;/MScale&gt;&lt;XYTolerance&gt;8.983152841195215e-09&lt;/XYTolerance&gt;&lt;ZTolerance&gt;0.001&lt;/ZTolerance&gt;&lt;MTolerance&gt;0.001&lt;/MTolerance&gt;&lt;HighPrecision&gt;true&lt;/HighPrecision&gt;&lt;LeftLongitude&gt;-180&lt;/LeftLongitude&gt;&lt;WKID&gt;4326&lt;/WKID&gt;&lt;LatestWKID&gt;4326&lt;/LatestWKID&gt;&lt;/GeographicCoordinateSystem&gt;</peXml></coordRef><copyHistory><copy source="E:\Documents and Settings\Inshore Scallop\BoF Assessment\2015\Survey\Final\shp\SPA6_VMSstrata_IN_2015" dest="\\WPNSBIO9024719\E$\GISdata\Basemaps\Boundaries\ScallopAreas\Inshore\VMSareas\SPA6\2015\SPA6_VMSstrata_IN_2015" date="20150720" time="12580800"/></copyHistory></DataProperties><SyncDate>20210323</SyncDate><SyncTime>08193300</SyncTime><ModDate>20210323</ModDate><ModTime>8194400</ModTime><scaleRange><minScale>150000000</minScale><maxScale>5000</maxScale></scaleRange><ArcGISProfile>ItemDescription</ArcGISProfile></Esri><dataIdInfo><envirDesc Sync="TRUE"> Version 6.2 (Build 9200) ; Esri ArcGIS 10.6.1.9270</envirDesc><dataLang><languageCode value="eng" Sync="TRUE"/><countryCode value="USA" Sync="TRUE"/></dataLang><idCitation><resTitle Sync="TRUE">SPA6_VMSstrata_IN_2015</resTitle><presForm><PresFormCd value="005" Sync="TRUE"/></presForm></idCitation><spatRpType><SpatRepTypCd value="001" Sync="TRUE"/></spatRpType><dataExt><geoEle xmlns=""><GeoBndBox esriExtentType="search"><exTypeCode Sync="TRUE">1</exTypeCode><westBL Sync="TRUE">-67.046605</westBL><eastBL Sync="TRUE">-66.612101</eastBL><northBL Sync="TRUE">45.045255</northBL><southBL Sync="TRUE">44.478787</southBL></GeoBndBox></geoEle></dataExt><idAbs>&lt;DIV STYLE="text-align:Left;"&gt;&lt;DIV&gt;&lt;DIV&gt;&lt;P&gt;&lt;SPAN&gt;The modelled area for the operational population model for SPA6.&lt;/SPAN&gt;&lt;/P&gt;&lt;P&gt;&lt;SPAN&gt;Contact: J.Sameoto (PED, DFO)&lt;/SPAN&gt;&lt;/P&gt;&lt;/DIV&gt;&lt;/DIV&gt;&lt;/DIV&gt;</idAbs><idPurp>SPA6 modelled area for the operational population model.</idPurp><searchKeys><keyword>SPA6 Modelled Area</keyword></searchKeys></dataIdInfo><mdLang><languageCode value="eng" Sync="TRUE"/><countryCode value="USA" Sync="TRUE"/></mdLang><mdChar><CharSetCd value="004" Sync="TRUE"/></mdChar><distInfo><distFormat><formatName Sync="TRUE">Shapefile</formatName></distFormat><distTranOps><transSize Sync="TRUE">0.193</transSize></distTranOps></distInfo><mdHrLv><ScopeCd value="005" Sync="TRUE"/></mdHrLv><mdHrLvName Sync="TRUE">dataset</mdHrLvName><refSysInfo><RefSystem><refSysID><identCode code="4326" Sync="TRUE"/><idCodeSpace Sync="TRUE">EPSG</idCodeSpace><idVersion Sync="TRUE">6.14(3.0.1)</idVersion></refSysID></RefSystem></refSysInfo><spatRepInfo><VectSpatRep><geometObjs Name="SPA6_VMSstrata_IN_2015"><geoObjTyp><GeoObjTypCd value="002" Sync="TRUE"/></geoObjTyp><geoObjCnt Sync="TRUE">7</geoObjCnt></geometObjs><topLvl><TopoLevCd value="001" Sync="TRUE"/></topLvl></VectSpatRep></spatRepInfo><spdoinfo><ptvctinf><esriterm Name="SPA6_VMSstrata_IN_2015"><efeatyp Sync="TRUE">Simple</efeatyp><efeageom code="4" Sync="TRUE"/><esritopo Sync="TRUE">FALSE</esritopo><efeacnt Sync="TRUE">7</efeacnt><spindex Sync="TRUE">TRUE</spindex><linrefer Sync="TRUE">FALSE</linrefer></esriterm></ptvctinf></spdoinfo><eainfo><detailed Name="SPA6_VMSstrata_IN_2015"><enttyp><enttypl Sync="TRUE">SPA6_VMSstrata_IN_2015</enttypl><enttypt Sync="TRUE">Feature Class</enttypt><enttypc Sync="TRUE">7</enttypc></enttyp><attr><attrlabl Sync="TRUE">FID</attrlabl><attalias Sync="TRUE">FID</attalias><attrtype Sync="TRUE">OID</attrtype><attwidth Sync="TRUE">4</attwidth><atprecis Sync="TRUE">0</atprecis><attscale Sync="TRUE">0</attscale><attrdef Sync="TRUE">Internal feature number.</attrdef><attrdefs Sync="TRUE">Esri</attrdefs><attrdomv><udom Sync="TRUE">Sequential unique whole numbers that are automatically generated.</udom></attrdomv></attr><attr><attrlabl Sync="TRUE">Shape</attrlabl><attalias Sync="TRUE">Shape</attalias><attrtype Sync="TRUE">Geometry</attrtype><attwidth Sync="TRUE">0</attwidth><atprecis Sync="TRUE">0</atprecis><attscale Sync="TRUE">0</attscale><attrdef Sync="TRUE">Feature geometry.</attrdef><attrdefs Sync="TRUE">Esri</attrdefs><attrdomv><udom Sync="TRUE">Coordinates defining the features.</udom></attrdomv></attr><attr><attrlabl Sync="TRUE">Id</attrlabl><attalias Sync="TRUE">Id</attalias><attrtype Sync="TRUE">Integer</attrtype><attwidth Sync="TRUE">6</attwidth><atprecis Sync="TRUE">6</atprecis><attscale Sync="TRUE">0</attscale></attr><attr><attrlabl Sync="TRUE">VMSAREA</attrlabl><attalias Sync="TRUE">VMSAREA</attalias><attrtype Sync="TRUE">String</attrtype><attwidth Sync="TRUE">50</attwidth><atprecis Sync="TRUE">0</atprecis><attscale Sync="TRUE">0</attscale></attr><attr><attrlabl Sync="TRUE">ORIG_FID</attrlabl><attalias Sync="TRUE">ORIG_FID</attalias><attrtype Sync="TRUE">Integer</attrtype><attwidth Sync="TRUE">9</attwidth><atprecis Sync="TRUE">9</atprecis><attscale Sync="TRUE">0</attscale></attr><attr><attrlabl Sync="TRUE">NOTES</attrlabl><attalias Sync="TRUE">NOTES</attalias><attrtype Sync="TRUE">String</attrtype><attwidth Sync="TRUE">50</attwidth><atprecis Sync="TRUE">0</atprecis><attscale Sync="TRUE">0</attscale></attr><attr><attrlabl Sync="TRUE">ET_ID</attrlabl><attalias Sync="TRUE">ET_ID</attalias><attrtype Sync="TRUE">SmallInteger</attrtype><attwidth Sync="TRUE">4</attwidth><atprecis Sync="TRUE">4</atprecis><attscale Sync="TRUE">0</attscale></attr></detailed></eainfo><mdDateSt Sync="TRUE">20210323</mdDateSt></metadata>
