<?xml version="1.0" encoding="UTF-8"?>
<metadata xml:lang="en"><Esri><CreaDate>20210806</CreaDate><CreaTime>10555700</CreaTime><ArcGISFormat>1.0</ArcGISFormat><SyncOnce>FALSE</SyncOnce><DataProperties><lineage><Process ToolSource="c:\program files (x86)\arcgis\desktop10.7\ArcToolbox\Toolboxes\Conversion Tools.tbx\FeatureClassToFeatureClass" Date="20200323" Time="163648">FeatureClassToFeatureClass DFO_EBSA_NL_Update_cp Y:\Data\Oceans_and_Estuaries\Management_Areas\Conservation_Areas\DFO\Ecologically_and_Biologically_Significant_Areas\Final\EBSAs_Canada.gdb DFO_EBSA_Canada_clipped # "ID "ID" true true false 4 Long 0 0 ,First,#,DFO_EBSA_NL_Update_cp,DFO_EBSA_NL_Update_cp.ID,-1,-1;Name "Name" true true false 100 Text 0 0 ,First,#,DFO_EBSA_NL_Update_cp,DFO_EBSA_NL_Update_cp.Name,-1,-1;Nom "Nom" true true false 100 Text 0 0 ,First,#,DFO_EBSA_NL_Update_cp,DFO_EBSA_NL_Update_cp.Nom,-1,-1;Ocean_EN "Ocean_EN" true true false 20 Text 0 0 ,First,#,DFO_EBSA_NL_Update_cp,DFO_EBSA_NL_Update_cp.Ocean_EN,-1,-1;Ocean_FR "Ocean_FR" true true false 20 Text 0 0 ,First,#,DFO_EBSA_NL_Update_cp,DFO_EBSA_NL_Update_cp.Ocean_FR,-1,-1;Area_Km2 "Area_Km2" true true false 8 Double 0 0 ,First,#,DFO_EBSA_NL_Update_cp,DFO_EBSA_NL_Update_cp.Area_Km2,-1,-1;Report "Report" true true false 254 Text 0 0 ,First,#,DFO_EBSA_NL_Update_cp,DFO_EBSA_NL_Update_cp.Report,-1,-1;Report_URL "Report_URL" true true false 254 Text 0 0 ,First,#,DFO_EBSA_NL_Update_cp,DFO_EBSA_NL_Update_cp.Report_URL,-1,-1;Rapport "Rapport" true true false 254 Text 0 0 ,First,#,DFO_EBSA_NL_Update_cp,DFO_EBSA_NL_Update_cp.Rapport,-1,-1;RapportURL "RapportURL" true true false 254 Text 0 0 ,First,#,DFO_EBSA_NL_Update_cp,DFO_EBSA_NL_Update_cp.RapportURL,-1,-1;Contact_EN "Contact_EN" true true false 254 Text 0 0 ,First,#,DFO_EBSA_NL_Update_cp,DFO_EBSA_NL_Update_cp.Contact_EN,-1,-1;Contact_FR "Contact_FR" true true false 254 Text 0 0 ,First,#,DFO_EBSA_NL_Update_cp,DFO_EBSA_NL_Update_cp.Contact_FR,-1,-1;ManagedBy "DFO Region Managing EBSAs" true true false 50 Text 0 0 ,First,#,DFO_EBSA_NL_Update_cp,DFO_EBSA_NL_Update_cp.ManagedBy,-1,-1;Bioregion "Bioregion" true true false 150 Text 0 0 ,First,#,DFO_EBSA_NL_Update_cp,DFO_EBSA_NL_Update_cp.Bioregion,-1,-1;Shape_Length "Shape_Length" false true true 8 Double 0 0 ,First,#,DFO_EBSA_NL_Update_cp,DFO_EBSA_NL_Update_cp.Shape_Length,-1,-1;Shape_Area "Shape_Area" false true true 8 Double 0 0 ,First,#,DFO_EBSA_NL_Update_cp,DFO_EBSA_NL_Update_cp.Shape_Area,-1,-1;EBSA_Characteristics_cp_OBJECTID "EBSA_Characteristics_cp_OBJECTID" false true false 4 Long 0 9 ,First,#,DFO_EBSA_NL_Update_cp,EBSA_Characteristics_cp.OBJECTID,-1,-1;EBSA_Characteristics_cp_EBSA_ID "EBSA_Characteristics_cp_EBSA_ID" true true false 4 Long 0 0 ,First,#,DFO_EBSA_NL_Update_cp,EBSA_Characteristics_cp.EBSA_ID,-1,-1;EBSA_Characteristics_cp_EBSA "EBSA_Characteristics_cp_EBSA" true true false 255 Text 0 0 ,First,#,DFO_EBSA_NL_Update_cp,EBSA_Characteristics_cp.EBSA,-1,-1;EBSA_Characteristics_cp_Region "EBSA_Characteristics_cp_Region" true true false 255 Text 0 0 ,First,#,DFO_EBSA_NL_Update_cp,EBSA_Characteristics_cp.Region,-1,-1;EBSA_Characteristics_cp_Bioregion "EBSA_Characteristics_cp_Bioregion" true true false 255 Text 0 0 ,First,#,DFO_EBSA_NL_Update_cp,EBSA_Characteristics_cp.Bioregion,-1,-1;EBSA_Characteristics_cp_Def_Ecol_Char "Def_Ecol_Char" true true false 8000 Text 0 0 ,First,#,DFO_EBSA_NL_Update_cp,EBSA_Characteristics_cp.Def_Ecol_Char,-1,-1" #</Process><Process ToolSource="c:\program files (x86)\arcgis\desktop10.7\ArcToolbox\Toolboxes\Data Management Tools.tbx\CalculateField" Date="20201029" Time="104412">CalculateField DFO_EBSA_Canada_clipped_2020_10_29 Area_Km2 Round([Area_Km2],2) VB #</Process><Process ToolSource="c:\program files (x86)\arcgis\desktop10.7\ArcToolbox\Toolboxes\Data Management Tools.tbx\CalculateField" Date="20201104" Time="154752">CalculateField DFO_EBSA_Canada_clipped_2020_10_29_Draft Region_EN [ManagedBy] VB #</Process><Process ToolSource="c:\program files (x86)\arcgis\desktop10.7\ArcToolbox\Toolboxes\Data Management Tools.tbx\CalculateField" Date="20201104" Time="155335">CalculateField DFO_EBSA_Canada_clipped_2020_10_29_Draft Region_FR "Pacifique" VB #</Process><Process ToolSource="c:\program files (x86)\arcgis\desktop10.7\ArcToolbox\Toolboxes\Data Management Tools.tbx\CalculateField" Date="20201104" Time="155559">CalculateField DFO_EBSA_Canada_clipped_2020_10_29_Draft Region_FR "Golfe" VB #</Process><Process ToolSource="c:\program files (x86)\arcgis\desktop10.7\ArcToolbox\Toolboxes\Data Management Tools.tbx\CalculateField" Date="20201104" Time="160850">CalculateField DFO_EBSA_Canada_clipped_2020_10_29_Draft Region [ManagedBy] VB #</Process><Process ToolSource="c:\program files (x86)\arcgis\desktop10.7\ArcToolbox\Toolboxes\Data Management Tools.tbx\CalculateField" Date="20201104" Time="161308">CalculateField DFO_EBSA_Canada_clipped_2020_10_29_Draft Region "Pacific / Pacifique" VB #</Process><Process ToolSource="c:\program files (x86)\arcgis\desktop10.7\ArcToolbox\Toolboxes\Data Management Tools.tbx\CalculateField" Date="20201104" Time="161609">CalculateField DFO_EBSA_Canada_clipped_2020_10_29_Draft Region "Gulf / Golfe" VB #</Process><Process ToolSource="c:\program files (x86)\arcgis\desktop10.7\ArcToolbox\Toolboxes\Data Management Tools.tbx\CalculateField" Date="20201104" Time="162830">CalculateField DFO_EBSA_Canada_clipped_2020_10_29_Draft Region "Arctic / Arctique" VB #</Process><Process ToolSource="c:\program files (x86)\arcgis\desktop10.7\ArcToolbox\Toolboxes\Data Management Tools.tbx\CalculateField" Date="20201104" Time="163341">CalculateField DFO_EBSA_Canada_clipped_2020_10_29_Draft Region "Newfoundland and Labrador / Terre-Neuve-et-Labrador" VB #</Process><Process ToolSource="c:\program files (x86)\arcgis\desktop10.7\ArcToolbox\Toolboxes\Data Management Tools.tbx\CalculateField" Date="20201105" Time="105157">CalculateField DFO_EBSA_Canada_clipped_2020_10_29_Draft Report2 "Ecologically and Biologically Significant Areas (EBSAs) in northern Foxe Basin, Nunavut" VB #</Process><Process ToolSource="c:\program files (x86)\arcgis\desktop10.7\ArcToolbox\Toolboxes\Data Management Tools.tbx\CalculateField" Date="20201105" Time="105418">CalculateField DFO_EBSA_Canada_clipped_2020_10_29_Draft Rapport2 "Zones d’importance écologique et biologique (ZIEB) dans le nord du Bassin de Foxe, au Nunavut" VB #</Process><Process ToolSource="c:\program files (x86)\arcgis\desktop10.7\ArcToolbox\Toolboxes\Data Management Tools.tbx\CalculateField" Date="20201105" Time="105459">CalculateField DFO_EBSA_Canada_clipped_2020_10_29_Draft Report2URL "https://waves-vagues.dfo-mpo.gc.ca/Library/364045.pdf" VB #</Process><Process ToolSource="c:\program files (x86)\arcgis\desktop10.7\ArcToolbox\Toolboxes\Data Management Tools.tbx\CalculateField" Date="20201105" Time="105536">CalculateField DFO_EBSA_Canada_clipped_2020_10_29_Draft Rapport2URL "http://www.publications.gc.ca/collections/collection_2014/mpo-dfo/Fs70-6-2014-024-fra.pdf" VB #</Process><Process ToolSource="c:\program files (x86)\arcgis\desktop10.7\ArcToolbox\Toolboxes\Data Management Tools.tbx\CalculateField" Date="20210805" Time="164347">CalculateField DFO_EBSA_Canada_clipped_2020_10_29 Contact_EN "Maritimes Region, Fisheries &amp; Oceans Canada, Dartmouth, N.S., B2Y 4A2; Tel.: 902.426.9199; Oceans_Maritimes@dfo-mpo.gc.ca" VB #</Process><Process ToolSource="c:\program files (x86)\arcgis\desktop10.7\ArcToolbox\Toolboxes\Data Management Tools.tbx\CalculateField" Date="20210805" Time="165208">CalculateField DFO_EBSA_Canada_clipped_2020_10_29 Contact_FR "Région des Maritimes, Pêches et Océans Canada, Dartmouth, N.-É., B2Y 4A2; Tél. 902.426.9199; Oceans_Maritimes@dfo-mpo.gc.ca" VB #</Process><Process ToolSource="c:\program files (x86)\arcgis\desktop10.7\ArcToolbox\Toolboxes\Data Management Tools.tbx\CalculateField" Date="20210805" Time="165701">CalculateField DFO_EBSA_Canada_clipped_2020_10_29 Contact_EN "Janelle Curtis, Fisheries &amp; Oceans Canada, Nanaimo, B.C. V9T 6N7; Tel.: 250.756.7157; Janelle.Curtis@dfo-mpo.gc.ca" VB #</Process><Process ToolSource="c:\program files (x86)\arcgis\desktop10.7\ArcToolbox\Toolboxes\Data Management Tools.tbx\CalculateField" Date="20210805" Time="165927">CalculateField DFO_EBSA_Canada_clipped_2020_10_29 Contact_FR "Janelle Curtis, Pêches et Océans Canada, Nanaimo, C.-B. V9T 6N7; Tél.: 250.756.7157; Janelle.Curtis@dfo-mpo.gc.ca" VB #</Process><Process ToolSource="c:\program files\arcgis\pro\Resources\ArcToolbox\toolboxes\Conversion Tools.tbx\FeatureClassToFeatureClass" Date="20210805" Time="171130">FeatureClassToFeatureClass DFO_EBSA_Canada_clipped_2020_10_29 Z:\Data\Oceans_and_Estuaries\Management_Areas\Conservation_Areas\DFO\Ecologically_and_Biologically_Significant_Areas\Final\EBSAs_Canada.gdb DFO_EBSA_Canada_clipped_2020_10_29_1 # "ID "ID" true true false 4 Long 0 0,First,#,DFO_EBSA_Canada_clipped_2020_10_29,ID,-1,-1;Name "Name" true true false 100 Text 0 0,First,#,DFO_EBSA_Canada_clipped_2020_10_29,Name,0,100;Nom "Nom" true true false 100 Text 0 0,First,#,DFO_EBSA_Canada_clipped_2020_10_29,Nom,0,100;Ocean_EN "Ocean_EN" true true false 20 Text 0 0,First,#,DFO_EBSA_Canada_clipped_2020_10_29,Ocean_EN,0,20;Ocean_FR "Ocean_FR" true true false 20 Text 0 0,First,#,DFO_EBSA_Canada_clipped_2020_10_29,Ocean_FR,0,20;Area_Km2 "Area_Km2" true true false 8 Double 0 0,First,#,DFO_EBSA_Canada_clipped_2020_10_29,Area_Km2,-1,-1;Report "Report" true true false 254 Text 0 0,First,#,DFO_EBSA_Canada_clipped_2020_10_29,Report,0,254;Report_URL "Report_URL" true true false 254 Text 0 0,First,#,DFO_EBSA_Canada_clipped_2020_10_29,Report_URL,0,254;Rapport "Rapport" true true false 254 Text 0 0,First,#,DFO_EBSA_Canada_clipped_2020_10_29,Rapport,0,254;RapportURL "RapportURL" true true false 254 Text 0 0,First,#,DFO_EBSA_Canada_clipped_2020_10_29,RapportURL,0,254;Contact_EN "Contact_EN" true true false 254 Text 0 0,First,#,DFO_EBSA_Canada_clipped_2020_10_29,Contact_EN,0,254;Contact_FR "Contact_FR" true true false 254 Text 0 0,First,#,DFO_EBSA_Canada_clipped_2020_10_29,Contact_FR,0,254;Bioregion "Bioregion" true true false 150 Text 0 0,First,#,DFO_EBSA_Canada_clipped_2020_10_29,Bioregion,0,150;Region "Region" true true false 100 Text 0 0,First,#,DFO_EBSA_Canada_clipped_2020_10_29,Region,0,100;Shape_Length "Shape_Length" false true true 8 Double 0 0,First,#,DFO_EBSA_Canada_clipped_2020_10_29,Shape_Length,-1,-1;Shape_Area "Shape_Area" false true true 8 Double 0 0,First,#,DFO_EBSA_Canada_clipped_2020_10_29,Shape_Area,-1,-1" #</Process></lineage><itemProps><itemLocation><linkage Sync="TRUE">file://\\DFONK1AWVGID004\oceans\Data\Oceans_and_Estuaries\Management_Areas\Conservation_Areas\DFO\Ecologically_and_Biologically_Significant_Areas\Final\EBSAs_Canada.gdb</linkage><protocol Sync="TRUE">Local Area Network</protocol></itemLocation><itemName Sync="TRUE">DFO_EBSA_Canada_clipped_2020_10_29_1</itemName><imsContentType Sync="TRUE">002</imsContentType></itemProps><coordRef><type Sync="TRUE">Projected</type><geogcsn Sync="TRUE">GCS_North_American_1983</geogcsn><csUnits Sync="TRUE">Linear Unit: Meter (1.000000)</csUnits><projcsn Sync="TRUE">Canada_Albers_Equal_Area_Conic</projcsn><peXml Sync="TRUE">&lt;ProjectedCoordinateSystem xsi:type='typens:ProjectedCoordinateSystem' xmlns:xsi='http://www.w3.org/2001/XMLSchema-instance' xmlns:xs='http://www.w3.org/2001/XMLSchema' xmlns:typens='http://www.esri.com/schemas/ArcGIS/2.5.0'&gt;&lt;WKT&gt;PROJCS[&amp;quot;Canada_Albers_Equal_Area_Conic&amp;quot;,GEOGCS[&amp;quot;GCS_North_American_1983&amp;quot;,DATUM[&amp;quot;D_North_American_1983&amp;quot;,SPHEROID[&amp;quot;GRS_1980&amp;quot;,6378137.0,298.257222101]],PRIMEM[&amp;quot;Greenwich&amp;quot;,0.0],UNIT[&amp;quot;Degree&amp;quot;,0.0174532925199433]],PROJECTION[&amp;quot;Albers&amp;quot;],PARAMETER[&amp;quot;False_Easting&amp;quot;,0.0],PARAMETER[&amp;quot;False_Northing&amp;quot;,0.0],PARAMETER[&amp;quot;Central_Meridian&amp;quot;,-96.0],PARAMETER[&amp;quot;Standard_Parallel_1&amp;quot;,50.0],PARAMETER[&amp;quot;Standard_Parallel_2&amp;quot;,70.0],PARAMETER[&amp;quot;Latitude_Of_Origin&amp;quot;,40.0],UNIT[&amp;quot;Meter&amp;quot;,1.0],AUTHORITY[&amp;quot;Esri&amp;quot;,102001]]&lt;/WKT&gt;&lt;XOrigin&gt;-13825800&lt;/XOrigin&gt;&lt;YOrigin&gt;-7913700&lt;/YOrigin&gt;&lt;XYScale&gt;325738809.13730091&lt;/XYScale&gt;&lt;ZOrigin&gt;-100000&lt;/ZOrigin&gt;&lt;ZScale&gt;10000&lt;/ZScale&gt;&lt;MOrigin&gt;-100000&lt;/MOrigin&gt;&lt;MScale&gt;10000&lt;/MScale&gt;&lt;XYTolerance&gt;0.001&lt;/XYTolerance&gt;&lt;ZTolerance&gt;0.001&lt;/ZTolerance&gt;&lt;MTolerance&gt;0.001&lt;/MTolerance&gt;&lt;HighPrecision&gt;true&lt;/HighPrecision&gt;&lt;WKID&gt;102001&lt;/WKID&gt;&lt;LatestWKID&gt;102001&lt;/LatestWKID&gt;&lt;/ProjectedCoordinateSystem&gt;</peXml></coordRef></DataProperties><SyncDate>20210805</SyncDate><SyncTime>17112900</SyncTime><ModDate>20210805</ModDate><ModTime>17112900</ModTime></Esri><dataIdInfo><envirDesc Sync="TRUE">Microsoft Windows 10 Version 10.0 (Build 18363) ; Esri ArcGIS 12.5.0.22081</envirDesc><dataLang><languageCode value="eng" Sync="TRUE"></languageCode><countryCode value="USA" Sync="TRUE"></countryCode></dataLang><idCitation><resTitle Sync="TRUE">DFO_EBSA_Canada_clipped_2020_10_29_1</resTitle><presForm><PresFormCd value="005" Sync="TRUE"></PresFormCd></presForm></idCitation><spatRpType><SpatRepTypCd value="001" Sync="TRUE"></SpatRepTypCd></spatRpType></dataIdInfo><mdLang><languageCode value="eng" Sync="TRUE"></languageCode><countryCode value="USA" Sync="TRUE"></countryCode></mdLang><distInfo><distFormat><formatName Sync="TRUE">File Geodatabase Feature Class</formatName></distFormat></distInfo><mdHrLv><ScopeCd value="005" Sync="TRUE"></ScopeCd></mdHrLv><mdHrLvName Sync="TRUE">dataset</mdHrLvName><refSysInfo><RefSystem><refSysID><identCode code="102001" Sync="TRUE"></identCode><idCodeSpace Sync="TRUE">Esri</idCodeSpace><idVersion Sync="TRUE">4.0.0</idVersion></refSysID></RefSystem></refSysInfo><spatRepInfo><VectSpatRep><geometObjs Name="DFO_EBSA_Canada_clipped_2020_10_29_1"><geoObjTyp><GeoObjTypCd value="002" Sync="TRUE"></GeoObjTypCd></geoObjTyp><geoObjCnt Sync="TRUE">0</geoObjCnt></geometObjs><topLvl><TopoLevCd value="001" Sync="TRUE"></TopoLevCd></topLvl></VectSpatRep></spatRepInfo><spdoinfo><ptvctinf><esriterm Name="DFO_EBSA_Canada_clipped_2020_10_29_1"><efeatyp Sync="TRUE">Simple</efeatyp><efeageom code="4" Sync="TRUE"></efeageom><esritopo Sync="TRUE">FALSE</esritopo><efeacnt Sync="TRUE">0</efeacnt><spindex Sync="TRUE">TRUE</spindex><linrefer Sync="TRUE">FALSE</linrefer></esriterm></ptvctinf></spdoinfo><eainfo><detailed Name="DFO_EBSA_Canada_clipped_2020_10_29_1"><enttyp><enttypl Sync="TRUE">DFO_EBSA_Canada_clipped_2020_10_29_1</enttypl><enttypt Sync="TRUE">Feature Class</enttypt><enttypc Sync="TRUE">0</enttypc></enttyp><attr><attrlabl Sync="TRUE">OBJECTID</attrlabl><attalias Sync="TRUE">OBJECTID</attalias><attrtype Sync="TRUE">OID</attrtype><attwidth Sync="TRUE">4</attwidth><atprecis Sync="TRUE">0</atprecis><attscale Sync="TRUE">0</attscale><attrdef Sync="TRUE">Internal feature number.</attrdef><attrdefs Sync="TRUE">Esri</attrdefs><attrdomv><udom Sync="TRUE">Sequential unique whole numbers that are automatically generated.</udom></attrdomv></attr><attr><attrlabl Sync="TRUE">Shape</attrlabl><attalias Sync="TRUE">Shape</attalias><attrtype Sync="TRUE">Geometry</attrtype><attwidth Sync="TRUE">0</attwidth><atprecis Sync="TRUE">0</atprecis><attscale Sync="TRUE">0</attscale><attrdef Sync="TRUE">Feature geometry.</attrdef><attrdefs Sync="TRUE">Esri</attrdefs><attrdomv><udom Sync="TRUE">Coordinates defining the features.</udom></attrdomv></attr><attr><attrlabl Sync="TRUE">ID</attrlabl><attalias Sync="TRUE">ID</attalias><attrtype Sync="TRUE">Integer</attrtype><attwidth Sync="TRUE">4</attwidth><atprecis Sync="TRUE">0</atprecis><attscale Sync="TRUE">0</attscale></attr><attr><attrlabl Sync="TRUE">Name</attrlabl><attalias Sync="TRUE">Name</attalias><attrtype Sync="TRUE">String</attrtype><attwidth Sync="TRUE">100</attwidth><atprecis Sync="TRUE">0</atprecis><attscale Sync="TRUE">0</attscale></attr><attr><attrlabl Sync="TRUE">Nom</attrlabl><attalias Sync="TRUE">Nom</attalias><attrtype Sync="TRUE">String</attrtype><attwidth Sync="TRUE">100</attwidth><atprecis Sync="TRUE">0</atprecis><attscale Sync="TRUE">0</attscale></attr><attr><attrlabl Sync="TRUE">Ocean_EN</attrlabl><attalias Sync="TRUE">Ocean_EN</attalias><attrtype Sync="TRUE">String</attrtype><attwidth Sync="TRUE">20</attwidth><atprecis Sync="TRUE">0</atprecis><attscale Sync="TRUE">0</attscale></attr><attr><attrlabl Sync="TRUE">Ocean_FR</attrlabl><attalias Sync="TRUE">Ocean_FR</attalias><attrtype Sync="TRUE">String</attrtype><attwidth Sync="TRUE">20</attwidth><atprecis Sync="TRUE">0</atprecis><attscale Sync="TRUE">0</attscale></attr><attr><attrlabl Sync="TRUE">Area_Km2</attrlabl><attalias Sync="TRUE">Area_Km2</attalias><attrtype Sync="TRUE">Double</attrtype><attwidth Sync="TRUE">8</attwidth><atprecis Sync="TRUE">0</atprecis><attscale Sync="TRUE">0</attscale></attr><attr><attrlabl Sync="TRUE">Report</attrlabl><attalias Sync="TRUE">Report</attalias><attrtype Sync="TRUE">String</attrtype><attwidth Sync="TRUE">254</attwidth><atprecis Sync="TRUE">0</atprecis><attscale Sync="TRUE">0</attscale></attr><attr><attrlabl Sync="TRUE">Report_URL</attrlabl><attalias Sync="TRUE">Report_URL</attalias><attrtype Sync="TRUE">String</attrtype><attwidth Sync="TRUE">254</attwidth><atprecis Sync="TRUE">0</atprecis><attscale Sync="TRUE">0</attscale></attr><attr><attrlabl Sync="TRUE">Rapport</attrlabl><attalias Sync="TRUE">Rapport</attalias><attrtype Sync="TRUE">String</attrtype><attwidth Sync="TRUE">254</attwidth><atprecis Sync="TRUE">0</atprecis><attscale Sync="TRUE">0</attscale></attr><attr><attrlabl Sync="TRUE">RapportURL</attrlabl><attalias Sync="TRUE">RapportURL</attalias><attrtype Sync="TRUE">String</attrtype><attwidth Sync="TRUE">254</attwidth><atprecis Sync="TRUE">0</atprecis><attscale Sync="TRUE">0</attscale></attr><attr><attrlabl Sync="TRUE">Contact_EN</attrlabl><attalias Sync="TRUE">Contact_EN</attalias><attrtype Sync="TRUE">String</attrtype><attwidth Sync="TRUE">254</attwidth><atprecis Sync="TRUE">0</atprecis><attscale Sync="TRUE">0</attscale></attr><attr><attrlabl Sync="TRUE">Contact_FR</attrlabl><attalias Sync="TRUE">Contact_FR</attalias><attrtype Sync="TRUE">String</attrtype><attwidth Sync="TRUE">254</attwidth><atprecis Sync="TRUE">0</atprecis><attscale Sync="TRUE">0</attscale></attr><attr><attrlabl Sync="TRUE">Bioregion</attrlabl><attalias Sync="TRUE">Bioregion</attalias><attrtype Sync="TRUE">String</attrtype><attwidth Sync="TRUE">150</attwidth><atprecis Sync="TRUE">0</atprecis><attscale Sync="TRUE">0</attscale></attr><attr><attrlabl Sync="TRUE">Region</attrlabl><attalias Sync="TRUE">Region</attalias><attrtype Sync="TRUE">String</attrtype><attwidth Sync="TRUE">100</attwidth><atprecis Sync="TRUE">0</atprecis><attscale Sync="TRUE">0</attscale></attr><attr><attrlabl Sync="TRUE">Shape_Length</attrlabl><attalias Sync="TRUE">Shape_Length</attalias><attrtype Sync="TRUE">Double</attrtype><attwidth Sync="TRUE">8</attwidth><atprecis Sync="TRUE">0</atprecis><attscale Sync="TRUE">0</attscale><attrdef Sync="TRUE">Length of feature in internal units.</attrdef><attrdefs Sync="TRUE">Esri</attrdefs><attrdomv><udom Sync="TRUE">Positive real numbers that are automatically generated.</udom></attrdomv></attr><attr><attrlabl Sync="TRUE">Shape_Area</attrlabl><attalias Sync="TRUE">Shape_Area</attalias><attrtype Sync="TRUE">Double</attrtype><attwidth Sync="TRUE">8</attwidth><atprecis Sync="TRUE">0</atprecis><attscale Sync="TRUE">0</attscale><attrdef Sync="TRUE">Area of feature in internal units squared.</attrdef><attrdefs Sync="TRUE">Esri</attrdefs><attrdomv><udom Sync="TRUE">Positive real numbers that are automatically generated.</udom></attrdomv></attr></detailed></eainfo><mdDateSt Sync="TRUE">20210805</mdDateSt></metadata>
