<?xml version="1.0" encoding="UTF-8"?>
<metadata xml:lang="en"><Esri><CreaDate>20170505</CreaDate><CreaTime>14242400</CreaTime><ArcGISFormat>1.0</ArcGISFormat><SyncOnce>TRUE</SyncOnce><DataProperties><itemProps><itemLocation><linkage Sync="TRUE">file://\\dcNSbioNA01a\edc_v1_shr\marfis\shares\ess\Leslie\SPA Boundaries\SPA New Polys\Grey Zone\GreyZone_lines</linkage><protocol Sync="TRUE">Local Area Network</protocol></itemLocation></itemProps><copyHistory><copy source="C:\Users\nasmithl\Documents\Mapping\Scallop Boundaries\GreyZone_lines" dest="\\dcNSbioNA01a\edc_v1_shr\marfis\shares\ess\Leslie\SPA Boundaries\SPA New Polys\Grey Zone\GreyZone_lines" date="20170505" time="14242400"></copy></copyHistory></DataProperties></Esri></metadata>
